{
	"Templates" : [
		{
			"TemplateName" : "Default",
			"RequiredProperties" : []
		},
		{
			"TemplateName" : "SingleTexture",
			"RequiredProperties" : [
				{
					"PropertyName" : "_MainTex",
					"PropertyTypeName" : "Texture"
				}]
		},
		{
			"TemplateName" : "SingleColor",
			"RequiredProperties" : [
				{
					"PropertyName" : "_Color",
					"PropertyTypeName" : "Color"
				}]
		},
		{
			"TemplateName" : "TransparentDiffuse",
			"RequiredProperties" : [
				{
					"PropertyName" : "_MainTex",
					"PropertyTypeName" : "Texture"
				},
				{
					"PropertyName" : "_Color",
					"PropertyTypeName" : "Color"
				}]
		}
	]
}