{
    "asset_tab_audio_play": "Αναπαραγωγή",
    "asset_tab_audio_pause": "Παύση",
    "asset_tab_information": "Πληροφορίες",
    "c_sharp_langage_version_config_10_0": "C# 10",
    "c_sharp_langage_version_config_3": "C# 3",
    "c_sharp_langage_version_config_4": "C# 4",
    "c_sharp_langage_version_config_5": "C# 5",
    "c_sharp_langage_version_config_7_1": "C# 7.1",
    "c_sharp_langage_version_config_7_2": "C# 7.2",
    "c_sharp_langage_version_config_7_3": "C# 7.3",
    "c_sharp_langage_version_config_9_0": "C# 9",
    "c_sharp_langage_version_config_latest": "Πιο πρόσφατη έκδοση C#",
    "channels": "Κανάλια",
    "class": "Κλάση",
    "class_name": "Όνομα Κλάσης",
    "collection": "Συλλογή",
    "collections": "Συλλογές",
    "check_log_for_more_details": "Ελέγξτε το αρχείο καταγραφής για περισσότερες λεπτομέρειες",
    "commands": "Εντολές",
    "config_options": "Ρυθμίσεις",
    "configuration_files_lists": "Λίστες",
    "donation_message": "Αν σας αρέσει το AssetRipper, σκεφτείτε να κάνετε δωρεά:",
    "error": "Σφάλμα",
    "experimental": "Πειραματικό",
    "format": "Μορφή",
    "frequency": "Συχνότητα",
    "height": "Ύψος",
    "home": "Αρχική",
    "image_export_title": "Μορφή Εξαγωγής Εικόνας",
    "licenses": "Άδειες",
    "load": "Φόρτωση",
    "menu_export": "Εξαγωγή",
    "menu_export_all": "Εξαγωγή Όλων",
    "menu_export_selected": "Εξαγωγή Επιλεγμένου Αρχείου",
    "menu_file": "Αρχείο",
    "menu_file_exit": "Έξοδος",
    "menu_file_open_file": "Άνοιγμα Αρχείου",
    "menu_file_reset": "Επαναφορά",
    "menu_import": "Εισαγωγή",
    "menu_language": "Γλώσσα",
    "menu_load": "Φόρτωση",
    "menu_view": "Προβολή",
    "mesh_format_native": "Yaml",
    "mesh_format_glb": "GLB",
    "name": "Όνομα",
    "loading_step_detect_platform": "Συλλογή Αρχείων και Ανίχνευση Της Δομής Του Παιχνιδιού",
    "no_files_loaded": "Κανένα Αρχείο Φορτωμένο",
    "original_path": "Αρχική Διαδρομή",
    "path": "Διαδρομή",
    "path_id": "ID Διαδρομής",
    "remove": "Αφαίρεση",
    "replace": "Αντικατάσταση",
    "save": "Αποθήκευση",
    "scene": "Σκηνή",
    "script_content_level_0": "Επίπεδο 0",
    "script_content_level_1": "Επίπεδο 1",
    "script_content_level_2": "Επίπεδο 2",
    "script_content_level_3": "Επίπεδο 3",
    "script_content_level_4": "Επίπεδο 4",
    "script_language_version_title": "Έκδοση Γλώσσας C#",
    "select_file": "Επιλογή Αρχείου",
    "select_folder": "Επιλογή Φακέλου",
    "settings": "Ρυθμίσεις",
    "sprite_format_yaml": "Yaml",
    "success": "Επιτυχία!",
    "terrain_format_native": "Yaml",
    "text_asset_format_text": "Απλό Κείμενο",
    "view_loaded_files": "Προβολή Φορτωμένων Αρχείων",
    "welcome": "Καλώς Ήρθες",
    "width": "Πλάτος",
    "yaml": "Yaml",
    "skip_streaming_assets": "Παράλειψη Φακέλου StreamingAssets",
    "asset_tab_audio": "Ήχος",
    "asset_tab_audio_duration_unknown": "<Άγνωστο>",
    "asset_tab_font": "Γραμματοσειρά",
    "asset_tab_text": "Κείμενο",
    "asset_tab_image": "Εικόνα",
    "audio_format_force_wav": "Μετατροπή σε WAV",
    "appreciation_message": "Ευχαριστούμε που υποστήριξες το AssetRipper!",
    "audio_format_yaml": "Yaml",
    "bundled_assets_export_direct_export": "Άμεση Εξαγωγή",
    "c_sharp_langage_version_config_1": "C# 1",
    "c_sharp_langage_version_config_11_0": "C# 11",
    "c_sharp_langage_version_config_2": "C# 2",
    "c_sharp_langage_version_config_6": "C# 6",
    "c_sharp_langage_version_config_7": "C# 7",
    "c_sharp_langage_version_config_8_0": "C# 8",
    "c_sharp_langage_version_config_auto_experimental": "Αυτόματο - Πειραματικό",
    "c_sharp_langage_version_config_auto_safe": "Αυτόματο - Ασφαλές",
    "c_sharp_language_version_config_description": "Η έκδοση της γλώσσας C# που θα χρησιμοποιηθεί για την διαδικασία decompiling των scripts.",
    "an_error_occured_during_decompilation": "Παρουσιάστηκε κάποιο σφάλμα κατά την διαδικασία decompilation.",
    "audio_format_default": "Προεπιλογή",
    "data": "Δεδομένα",
    "default_version": "Προεπιλεγμέη Έκδοση",
    "error_exporting_with_reason": "Αποτυχία εξαγωγής περιεχομένου παιχνιδιού: {0}",
    "error_importing_with_reason": "Αποτυχία φόρτωσης περιεχομένου παιχνιδιού: {0}",
    "export_complete": "Η Εξαγωγή Ολοκληρώθηκε!",
    "export_deleting_old_files": "Διαγραφή υπαρχόντων αρχείων...",
    "image_format_description": "Αυτό επηρεάζει όλες τις εξαγόμενες εικόνες.",
    "json": "Json",
    "length": "Μήκος",
    "loading_game_content_from": "Φόρτωση Περιεχομένου Παιχνιδιού Από {0}\n{1}",
    "menu_file_open_folder": "Άνοιγμα Φακέλου",
    "not_implemented_yet": "Δεν Έχει Φτιαχτεί Ακόμα",
    "save_settings_to_disk": "Αποθήκευση Ρυθμίσεων στον Δίσκο",
    "settings_can_only_be_changed_before_loading_files": "Οι ρυθμίσεις μπορούν να αλλαχθούν μόνο πριν την φόρτωση αρχείων.",
    "size": "Μέγεθος",
    "sprite_format_native": "Unity",
    "text_asset_format_text_description": "Εξαγωγή ως αρχείο απλού κειμένου (.txt).",
    "warning_this_directory_is_not_empty_all_content_will_be_deleted": "Προσοχή: αυτός ο κατάλογος δεν είναι κενός. Όλα τα περιεχόμενα θα διαγραφτούν.",
    "export_preparing": "Προετοιμασία για Εξαγωγή...\nΑυτό μπορεί να πάρει λίγο χρόνο.",
    "loading_step_create_file_collection": "Δημιουργία Συλλογής Αρχείων",
    "audio_export_title": "Μορφή Εξαγωγής Ήχου",
    "count": "Μέτρημα/Αριθμός",
    "csharp_type": "Τύπος C#",
    "script_export_format_dll_with_renaming": "Εξαγωγή DLL Με Μετονομασία",
    "script_export_format_dll_without_renaming": "Εξαγωγή DLL Χωρίς Μετονομασία",
    "script_export_title": "Μορφή Εξαγωγής Script",
    "asset_tab_hex": "Δεκαεξαδικό",
    "audio_clip": "Κομμάτι Ήχου (AudioClip)",
    "audio_format_force_wav_description": "Μετατροπή όλων των αρχείων ήχου σε αρχεία WAV. Δεν συνιστάται αν είναι να τα βάλεις στο Unity, καθώς μπορεί να επανασυμπιέσει αρχεία, προκαλώντας απώλεια ποιότητας.",
    "asset_ripper_free": "AssetRipper Δωρεάν",
    "asset_ripper_premium": "AssetRipper Premium",
    "assembly_name": "Όνομα Assembly",
    "asset_bundle_name": "Όνομα Asset Bundle",
    "asset_tab_dependencies": "Εξαρτήσεις",
    "assets": "Assets",
    "export_in_progress": "Εξαγωγή Asset Αρχείων\n{0}%\n{1}/{2}",
    "export_in_progress_no_file_count_yet": "Εξαγωγή Asset Αρχείων\n0.0%\n?/?",
    "failed_files": "Απετυχημένα Αρχεία",
    "guid": "GUID",
    "game_object": "Αντικείμενο Παιχνιδιού (GameObject)",
    "namespace": "Namespace",
    "export_unity_project": "Εξαγωγή Unity Project",
    "export_primary_content": "Εξαγωγή Πρωτεύοντος Περιεχομένου"
}
