{
    "an_error_occured_during_decompilation": "خطایی در حین دیکامپایل رخ داد.",
    "appreciation_message": "با تشکر از شما برای حمایت از اسِت ریپِر!",
    "assembly_name": "نام مجمع",
    "asset_bundle_name": "نام بسته دارایی",
    "asset_ripper_free": "اسِت ریپِر رایگان",
    "asset_ripper_premium": "اسِت ریپِر پیشرفته",
    "asset_tab_audio": "صوتی",
    "asset_tab_audio_pause": "توقف",
    "asset_tab_audio_play": "پخش",
    "asset_tab_dependencies": "وابستگی‌ها",
    "asset_tab_development": "توسعه",
    "asset_tab_font": "فونت",
    "asset_tab_hex": "هگز",
    "asset_tab_image": "تصویر",
    "asset_tab_information": "اطلاعات",
    "asset_tab_model": "مدل",
    "asset_tab_text": "متن",
    "asset_tab_video": "ویدیو",
    "assets": "دارایی‌ها",
    "audio_clip": "کلیپ صوتی",
    "audio_export_title": "فرمت صادرات صوتی",
    "audio_format_default": "پیش‌فرض",
    "audio_format_force_wav": "تبدیل به وی‌ای‌وی",
    "audio_format_force_wav_description": "همه فایل‌های صوتی را به وی‌ای‌وی تبدیل کنید. برای وارد کردن به یونیتی توصیه نمی‌شود زیرا ممکن است فایل‌ها دوباره فشرده شوند و کیفیت کاهش یابد.",
    "audio_format_native": "خام",
    "audio_format_yaml_description": "به‌صورت دارایی یامِل و فایل رِسِس صادر کنید. این یک گزینه امن است و در مواقع بروز مشکلات پشتیبان محسوب می‌شود.",
    "bundle": "بسته",
    "bundled_assets_export_direct_export": "صادرات مستقیم",
    "bundled_assets_export_group_by_asset_type": "گروه‌بندی بر اساس نوع دارایی",
    "bundled_assets_export_group_by_asset_type_description": "دارایی‌های بسته‌بندی‌شده همانند دارایی‌های سایر فایل‌ها رفتار می‌شوند.",
    "bundled_assets_export_group_by_bundle_name": "گروه‌بندی بر اساس نام بسته",
    "bundled_assets_export_title": "حالت صادرات دارایی‌های بسته‌بندی‌شده",
    "bundles": "بسته‌ها",
    "c_sharp_langage_version_config_auto_experimental": "خودکار - تجربی",
    "c_sharp_langage_version_config_auto_safe": "خودکار - امن",
    "channels": "کانال‌ها",
    "check_log_for_more_details": "برای جزئیات بیشتر به گزارش مراجعه کنید.",
    "class": "کلاس",
    "class_id_type_name": "نام نوع ID کلاس",
    "class_id_type_number": "شماره نوع ID کلاس",
    "class_name": "نام کلاس",
    "collection": "مجموعه",
    "collections": "مجموعه‌ها",
    "commands": "دستورات",
    "config_options": "گزینه‌های تنظیمات",
    "configuration_files": "فایل‌های تنظیمات",
    "configuration_files_lists": "لیست‌ها",
    "count": "تعداد",
    "csharp_type": "نوع C#",
    "data": "داده‌ها",
    "default_version": "نسخه پیش‌فرض",
    "donation_message": "اگر از AssetRipper خوشتان آمده است، لطفاً حمایت مالی کنید:",
    "enable_asset_deduplication": "فعال‌سازی حذف تکرار دارایی‌ها",
    "enable_prefab_outlining": "فعال‌سازی مشخص کردن جزئیات پیش‌ساخته",
    "enable_static_mesh_separation": "فعال‌سازی جداسازی مش استاتیک",
    "error": "خطا",
    "error_exporting_with_reason": "صدور محتوای بازی ناموفق بود: {0}",
    "export_deleting_old_files": "پاکسازی فایل‌های موجود...",
    "audio_format_default_description": "دارایی‌ها را به همان فرمتی که در اف‌اس‌بی جاسازی شده است، صادر کنید. بیشتر فایل‌های صوتی به وی‌ای‌وی و برخی به او‌جی‌جی صادر می‌شوند.",
    "audio_format_native_description": "صدای خام اف‌اس‌بی. نمی‌توان به یونیتی وارد کرد، فقط برای کاربران پیشرفته استفاده شود.",
    "bundled_assets_export_direct_export_description": "دارایی‌های بسته‌بندی‌شده بدون گروه‌بندی صادر می‌شوند.",
    "bundled_assets_export_group_by_bundle_name_description": "دارایی‌های بسته‌بندی‌شده بر اساس نام بسته دارایی گروه‌بندی می‌شوند.",
    "c_sharp_langage_version_config_latest": "C# آخرین نسخه",
    "c_sharp_language_version_config_description": "نسخه زبان C# که هنگام کدگشایی اسکریپت‌ها استفاده می‌شود.",
    "config_screen_drag_drop_prompt": "توجه: برخی تغییرات تنظیمات ممکن است باعث بروز یا جلوگیری از خطاها شود.\nزمانی که آماده هستید، فایل/پوشه بازی خود را روی این پنجره بکشید یا از منوی بالا سمت چپ برای باز کردن دستی استفاده کنید.",
    "experimental": "تجربی",
    "export_complete": "صدور کامل شد!",
    "export_preparing": "آماده‌سازی برای صدور...\nاین فرآیند ممکن است کمی طول بکشد.",
    "audio_format_yaml": "یامل"
}
