{
    "bundled_assets_export_group_by_asset_type": "Groeperen op Asset Type",
    "bundled_assets_export_group_by_asset_type_description": "Bundled assets worden op dezelfde manier behandeld als assets uit andere bestanden.",
    "c_sharp_langage_version_config_7_2": "C# 7.2",
    "c_sharp_language_version_config_description": "De C# taalversie die moet worden gebruikt bij het decompileren van scripts.",
    "config_screen_drag_drop_prompt": "Houd er rekening mee dat sommige wijzigingen in de instellingen fouten kunnen veroorzaken of voorkomen.\nZodra je klaar bent, sleep de gamebestand/map naar dit venster, of gebruik het menu linksboven om handmatig iets te openen.",
    "assembly_name": "Assemblynaam",
    "asset_bundle_name": "Asset Bundle Naam",
    "asset_tab_audio": "Geluid",
    "asset_tab_audio_duration_unknown": "<Onbekend>",
    "asset_tab_audio_pause": "Pauzeren",
    "asset_tab_audio_play": "Afspelen",
    "asset_tab_basic": "Basis informatie",
    "asset_tab_development": "Ontwikkeling",
    "asset_tab_hex": "Hex",
    "asset_tab_image": "Afbeelding",
    "asset_tab_information": "Informatie",
    "asset_tab_text": "Tekst",
    "asset_tab_yaml": "YAML",
    "assets": "Assets",
    "audio_clip": "AudioClip",
    "audio_format_default": "Standaard",
    "audio_format_default_description": "Exporteer assets als het inhoudstype dat is ingebed in de FSB. De meeste audiotypen worden geëxporteerd als WAV, sommige worden geëxporteerd als OGG.",
    "audio_format_force_wav": "Converteren naar WAV",
    "audio_format_force_wav_description": "Converteer alle audiobestanden naar WAV bestanden. Niet aanbevolen bij het importeren in Unity, omdat hierdoor bestanden opnieuw kunnen worden gecomprimeerd, waardoor kwaliteitsverlies ontstaat.",
    "audio_format_native": "Rauw",
    "audio_format_native_description": "Rauw FSB Geluid. Kan niet in Unity worden geïmporteerd, dus gebruik dit alleen als je een gevorderde gebruiker bent.",
    "bundle": "Bundle",
    "bundled_assets_export_direct_export_description": "Bundled assets worden zonder groepering geëxporteerd.",
    "bundled_assets_export_group_by_bundle_name": "Groeperen op Bundle Naam",
    "bundled_assets_export_group_by_bundle_name_description": "Bundled assets worden gegroepeerd op basis van de naam van de Asset Bundle.",
    "bundled_assets_export_title": "Bundled Assets Exportmodus",
    "bundles": "Bundles",
    "c_sharp_langage_version_config_1": "C# 1",
    "c_sharp_langage_version_config_10_0": "C# 10",
    "c_sharp_langage_version_config_11_0": "C# 11",
    "c_sharp_langage_version_config_2": "C# 2",
    "c_sharp_langage_version_config_3": "C# 3",
    "c_sharp_langage_version_config_4": "C# 4",
    "c_sharp_langage_version_config_5": "C# 5",
    "c_sharp_langage_version_config_6": "C# 6",
    "c_sharp_langage_version_config_7": "C# 7",
    "c_sharp_langage_version_config_7_1": "C# 7.1",
    "c_sharp_langage_version_config_8_0": "C# 8",
    "c_sharp_langage_version_config_9_0": "C# 9",
    "c_sharp_langage_version_config_auto_experimental": "Automatisch - Experimenteel",
    "c_sharp_langage_version_config_auto_safe": "Automatisch - Veilig",
    "c_sharp_langage_version_config_latest": "C# Laatste versie",
    "channels": "Channels",
    "check_log_for_more_details": "Controleer het log bestand voor meer details.",
    "class": "Class",
    "class_id_type_name": "Class ID Type Naam",
    "class_id_type_number": "Class ID Type Nummer",
    "class_name": "Class Naam",
    "collection": "Collection",
    "collections": "Collections",
    "count": "Count",
    "csharp_type": "C# Type",
    "data": "Data",
    "default_version": "Standaardversie",
    "donation_message": "Als u AssetRipper handig vondt of de ontwikkelaar wilt steunen, overweeg dan om te doneren:",
    "enable_prefab_outlining": "Prefab Outlining inschakelen",
    "audio_export_title": "Geluid Exportformaat",
    "c_sharp_langage_version_config_7_3": "C# 7.3",
    "config_options": "Configuratie Opties",
    "audio_format_yaml": "YAML",
    "audio_format_yaml_description": "Exporteer als een YAML asset en resS bestand. Dit is een veilige optie en een back-up als er iets misgaat.",
    "bundled_assets_export_direct_export": "Directe Export",
    "welcome_title": "Welkom bij AssetRipper"
}
